2014-01-01,1，很多大爷大妈凑热闹打酱油：） 2，因空气原因不得不坚持戴口罩跑，憋！3，以后上班也这个距离，算是积累了一些经验，春暖花开时不妨跑步上班：）,1
2014-01-01,@孙铭阳同学 @辛卡卡同W @Princess_文文 新年快乐！今天是1月1日元旦，今天的空气指数为中度污染，可携带口罩哦！[嘻嘻],1
2014-01-02,今天上海晴转多云，气温8-15度，周六开始气温将会有少许下降，最高气温将跌落到10度左右。目前上海的空气质量为中度污染，建议您外出时佩戴口罩。,1
2014-01-02,"雾霾空气救救他们 是谁阻止交通协管员戴口罩执勤 据我调查 交通协管员说 上海外滩1位32岁交警6位交通协管员生肺病肺癌已故 每天城市繁忙路段空气中污染是危害交通协管员身体的因素,警报:中国交警的平均寿命仅43岁！能吹哨子口罩研发发明成功 有显著防PM异物造福于健康专利:201310067911.1 13020163877",0
2014-01-02,新年好[嘻嘻]！今天是2014年首个工作日，农历十二月初二，二九第三天。今天最高温度可达16度，东南风3-4级，晴[阳光]。当前PM2.5空气质量指数实时162，中度污染[失望]，应减少户外活动，外出时佩戴口罩，敏感人群应尽量避免外出。明后天以多云为主，双休日有冷空气微弱影响，最高10度。注意早晚寒意。,1
2014-01-02,鬼天气，一直污染。能不能还给孩子新鲜的空气？ 日本宝宝口罩，大量到货。今晚P上,1
2014-01-02,终于领教到了“毒”空气的威力，看来空气净化机口罩缺一不可。[生病],1
2014-01-02,以前问我pm2.5口罩的朋友 我当初说日本空气很好的 没专门防pm2.5的口罩，现在人家出来了。。。…（丢脸[糗大了]）5枚36含国际 儿童 成人两款～,1
2014-01-03,今天重庆空气质量指数高达200，属于严重污染，外出最好带口罩。不过有太阳看起来还不错。PS：照片是我妈拍的。,1
2014-01-03,"中午在金茂大厦举行的“抵制雾霾”公益活动受到大厦白领们的热烈响应，白领们通过手机扫描新浪微博二维码即可获赠一款热销的PM2.5口罩。""福来day""申城空气再“中毒”，金茂关爱白领健康，持续为大家提供健康宜居的办公环境，携手新浪网送出2014第一“福”!@中化集团@方兴地产@金茂大厦写字楼",1
2014-01-03,上海空气太差，连喵星人都要带口罩,1
2014-01-03,一入冬，每天空气都是严重污染，到现在已经连续几个礼拜了。路上到处是戴着口罩的人，行色匆匆。我这样每天通勤开车为主的人都觉得喉咙不舒服，就别说挤公车上下班的了。至于交警、建筑、环卫之类整天工作都暴露在户外的人群，实在是不敢想。貌似也没见环保部门出来说点什么做点什么？,1
2014-01-03,2Y10M? 话说宥宥从小身体一直不错?，很少生病，但一病就咳嗽?，这和她过敏体质脱不了干系！今天和睦家医生看下来也说空气不好的话只能避免?外出，出门必须??戴口罩，哎，可怜的小丫头?，真想带你移民了！??,1
2014-01-04,这破空气。。。喉咙痛胸闷脸还过敏[生病]一怒之下买了一打ffp2/ffp3口罩。。。,1
2014-01-04,北方来的冷空气太吓人了空气又重度污染了……口罩又要拿出来用了……,1
2014-01-04,看了看空气。。。还是把生日时热大给我的口罩拆了。。,1
2014-01-04,三次元口罩 空气差 每天包里准备，女士的是粉红色男士是白色，我要自留两包，要的留言，下次多买点寄回来,1
2014-01-04,正在电脑上浪费时间，突然收到短信：快开窗！立刻执行，然后查空气质量指数：97！！！我那和我一样关注空气质量并指导我买口罩和空气净化器的同事总是能第一时间关注到空气变好并提醒我开窗。中国好同事！最美同事！[赞],0
2014-01-04,空气真差！口罩必备！,1
2014-01-05,空气中弥漫着一股焦味，无奈只能带口罩[感冒][泪],1
2014-01-05,今天阳光很好，虽然天气还是有些冷，但是在室外活动的人很多，而且大部分没有戴口罩，似乎在享受新鲜的空气。,-1
2014-01-05,今天上海空气很好！好久没见这么蓝天[太阳]今天我不要戴口罩[感冒]很舒服( ?  ` )?,1
2014-01-05,鼻测法判断今天空气还行，希望明天可以不用带口罩了[月亮],1
2014-01-06,今天空气难得的还啊，又看到带口罩鼻子露外面的…,1
2014-01-06,出发 上班 NND 最有用的口罩到了 今天空气指数达标,1
2014-01-06,天气变冷了，空气中还是弥漫着一股烟尘味道，口罩君继续，走起！[奥特曼],1
2014-01-06,今天空气质量居然是优，有种不敢相信的感觉。。。同车旁边人的香水味实在是太呛人了，害我打了好几个喷嚏，有戴口罩的冲动！,1
2014-01-06,现在发现戴口罩也蛮好的，可以阻隔脏空气，臭味道，还不会吸到冷风引起胃痛。只是如果擦了粉底就不太好了，摘下口罩脸一半黑一半白~,1
2014-01-06,2014年最畅销产品――空气净化器，最长销产品――PM2.5口罩，没有之一。,1
2014-01-06,今天空气质量优，可以不戴口罩在大路上走并自由呼吸了，晚上还可以畅快地跑步了。这样的日子不多哦，得好好珍惜才是！,-1
2014-01-06,空气质量：优！！这么好的天气就让我们扔掉口罩，尽情呼?吸?吧！吸进去都是甜丝丝的！！！！哦哈哈哈哈哈?,-1
2014-01-06,发现我这人太不关注天气了 …当看到满大街人戴口罩了我才知道天气质量不好，于是第二天开始戴口罩，戴着戴着发现人们都不戴了，我却还戴着～今天看到大家戴着我的口罩却忘带了……电梯上听人嘲讽上海开始进攻雾都称号了，上海的空气质量还真是让人担忧呀！,1
2014-01-06,今年过年公司工会还发了十个过滤口罩，可见上海的空气有多糟糕啊@天冷了要吃牛肉面 ，你回去是多明智呐[泪],1
2014-01-06,刚看到一老外带着口罩疾走。我就纳闷了，今天这种在上海已然是评定为空气质量良的少数极端天气。还这样，平时他咋办啊？！[疑问],1
2014-01-06,今天上海的空气竟然是优，结果我昨天晚上花了22块买了个3M的口罩，而且是很骚包的带出气孔的那种。,1
2014-01-07,刚和达人@拉比诺l源爸 完成40.9公里 3小时59分 当中10公里跑的龙腾小桥 全程吃了两小块巧克力喝了 一瓶奶咖 刚刚回来吃了些菜 一杯蛋白粉 维生素饮料 空气指数良好 没戴口罩 感觉不错 晚安！！！,0
2014-01-07,空气质量不好杨帮我买了一箱带呼吸阀的口罩，让我出门就戴上? ?,1
2014-01-07,冷空气准备来袭，目前雨中空气轻度污染，美标中度污染，比较少见的。 预计明天上午到下午冷锋来的时候，本市空气中度污染到重度污染之间，要明天凌晨才会转好。 口罩还是备着，以防下班时间段空气较差。,1
2014-01-08,这个雾霾会不会被人挖掘出一个小产业来，，除了口罩和空气过滤器之类的，，，，你想想，叔给投资，，喂奶之余想到的,1
2014-01-08,经年之后 他们终于有了一次擦肩 那一刻 她竟无比感谢这个城市过于肮脏的空气 宽大的口罩遮掩了她所有的局促 十年爱恨竟换不来擦身而过时的一个眼神相顾 他的视线始终在她头顶以上五公分的距离 那是他的高度 她熟悉无比 如今这五公分已是他们之间的高山大河鸿沟天堑 她于是想 所谓咫尺天涯 不过如此,1
2014-01-09,今天早上小编在上班路上，给自己做了一个2014护肤计划充足的睡眠[酷]，做好硬防晒，湿度低的话就开加湿器，空气差就戴口罩[偷笑]！少吃甜食、油炸的。为了管理身材，我会少吃面食[馋嘴]！不仅面食，其它高糖食物也应少吃。多吃水果蔬菜[抱抱]，这些措施对任何底子的皮肤都非常有用，予以表扬！[抱抱],0
2014-01-09,冬季孕妈妈注意7禁忌：1，忌常舔嘴唇 2，忌涂纯甘油，反使皮肤更干 3，忌穿衣过多，降低机体对温度适应能力 4，忌冻僵烤火，应在较暖地方两手互搓，使温度自然回升 5，忌戴口罩，易感冒 6，忌不戴帽子，头部也要防寒 7，忌不出门，天暖时应到户外适宜活动，呼吸新鲜空气~~~,1
2014-01-09,携带式抗菌杀菌贴 1个装 945日元 到手66.2元+国际国内运费 在粉尘感染，病菌感染多发季节， 只需要悬挂于胸口， 就可以在脖子以上产生作用， 杀灭各种传染病菌，清新口鼻周围口气， 并且消臭，给你不一样的清洁空气~~ 适合办公室，或者不愿意带口罩人群,1
2014-01-10,常年待在日本的哥哥嫂子前段时间回上海，一下机就觉得空气有异味，没几天就发烧感冒。同一时间，哥哥的同事也是和老婆一起回上海，也双双生病发烧。他们是被净化，我们是被进化。不带口罩的你还在纠结什么？没买空净的你还在犹豫什么？,1
2014-01-10,上班还要带个口罩，我真是没话说了，办公室里面翻新的来一塌糊涂，空气质量啊[xkl抓狂],1
2014-01-10,TimeOut上海1月刊倾心呈现大篇幅专题《雾霾作战深度报告》，对于空气净化器有效与否以及如何挑选、怎样阅读各类环境指数、买什么口罩等问题，Timeout 约谈专业环保人士，同时挑选了19款净化器和10款口罩，以深度实用报告的形式，将大家的疑虑一一解答。,0
2014-01-12,日本正品代购 大家呼声很高的贝亲宝宝无纺布小熊造型一次型专用口罩 1-3岁宝宝使用 防雾霾 防尘 透气除菌 日本一度脱销 每个有宝宝的家庭的必备品哦 恶劣的空气质量 人流较多的公共场所 病菌交叉感染的医院等都需要给宝宝戴着 到手45RMB一包 3只装,1
2014-01-13,肿么空气又重度污染了。。 不知明早会好点否 @木桶里的橘子  早起出门备口罩啊！,1
2014-01-13,"空气质量指数: 上海 (美领事馆): 244 (极不健康), 上海: 259 (重度污染), 北京 (美使馆): 152 (不健康), 北京: 90 (空气质量良好), 广州 (美领事馆): 102 (对低抵抗力人群有害), ...大家出门当心啊，明天口罩戴起来",-1
2014-01-13,呼吸道传染病预防措施有以下几点：1、加强锻炼，增强机体抵抗力。2、尽量减少到空气不流通的场所集会。3、注意开窗通气，婴儿室也应定期开窗通气。4、发生病例后，要及时隔离治疗，必要时喷洒消毒剂。5、探望病人要注意自我保护，带口罩。6、可注射相应疫苗预防。7、坚持母乳喂养。,0
2014-01-14,难得这么好的空气，就是不明白为啥还有人要戴口罩的，难不成喜欢闻自己的口气么？,-1
2014-01-14,已经有不止一位同事跟我说，最近你的皮肤是怎么了？[抠鼻屎][抠鼻屎][抠鼻屎]~[躁狂症][躁狂症]就........没涂BB霜[非常汗][非常汗][非常汗]，有那么糟么[别烦我][别烦我][别烦我]，和之前差距真有那么大么[悲催][悲催][悲催]（之前上海空气关系到现在为止我都带口罩是为了不让粉吸到肺里所以才没涂）,1
2014-01-14,今天空气无比好还有逼戴口罩，一个人坐两个位子，逼到家了。,1
2014-01-15,帽子，手套再加上口罩，这应该是这个秋冬季节里很多人的标准配置，撇开气温的原因，防范雾霾成为了民众的首要任务。空气质量的下降和PM2.5的出现让很多人担忧起来，如何才能有效的治理雾霾？李楚源给出了他的解决方法――征收环保税。,1
2014-01-15,空气这么好还戴3M口罩的人是不是有毛病？,1
2014-01-16,异常的顺，可以说从出舱门到坐上大巴一号线没耽误一分钟。上第ㄧ辆摆渡车是最后―个，一上车就关门开车了，之后买车票后直接走向一号车，一看车关门启动就开跑，好在好心的司机停车开门让我上了。祝福他一生平安。北京空气太差了，―落地就闻着硫磺味了，赶快戴口罩,0
2014-01-16,听说今天空气质量很差，就带了一副口罩，现在只有一个感觉，地铁好闷[晕][晕][晕],1
2014-01-16,空气不好 大家戴上口罩吧,1
2014-01-16,"好消息 免费堤供 一线交警 交通协管员交通警察口罩.每天城市繁忙路段空气中污染是危害交警身体的因素,根据调查交通协管员说 1位32岁交警6位交通协管员生肺病肺癌已故 警报:中国交警的平均寿命仅43岁！能吹哨子口罩研发发明成功 有显著防PM异物 防冬 防风寒 造福于健康 专利:201310067911.1 13020163877",0
2014-01-16,"空气质量指数: 上海 (美领事馆): 160 (不健康), 上海: 135 (轻度污染), 北京 (美使馆): 493 (有毒害), 北京: 410 (严重污染)@朱格巴 口罩啊",1
2014-01-16,守望春天：2014年的春天，我们希望，天是蓝蓝的天，云是白白的云，空气是透明的，吃的能吃，喝的能喝，不需要海淘奶粉，出门不用戴口罩，我们仅仅希望，皮鞋是用来穿的，河水不是彩色的，不再需要小心翼翼地生活。这些愿望很小，也是百姓的梦想，但它仍然需要我们共同的努力。,1
2014-01-16,人们精心照料的健康问题，排兵布阵般的空气净化器，各种PM口罩。全全抵不过一位烟民强行贡献的一串吞云吐雾，对您造成的肺部伤害。在控诉污染排放及医疗花消高昂的时候，人们应当从我做起，尊重自己、他人。当你坐在双层隔热玻璃后大口喘息的时候，没人在乎你在干吗，因为，那才是你自我消遣的地方。,0
2014-01-16,今日，北京市空气重污染应急指挥部发布空气重污染蓝色预警，为今年首个重污染预警。国际癌症研究机构(IARC)在里昂的会上，已经把大气污染确认定为致癌物了。详情请关注微信公众号“百年灵光触媒口罩官微”。雾霾迟迟不肯走怎么办？一起戴上百年灵光触媒PM2.5口罩抵御雾霾吧！www.gcm-mask.com,1
2014-01-17,"好消息 免费堤供 一线交警交通协管员交通警察口罩.每天城市繁忙路段空气中污染是危害交警身体的因素,根据调查 交通协管员说 1位32岁交警6位交通协管员生肺病肺癌已故 警报:中国交警的平均寿命仅43岁！能吹哨子口罩研发发明成功 有显著防PM异物 防冬 防风寒 造福于健康专利:201310067911.1 13020163877",0
2014-01-17,@上海凯斯泰尔生物 友情提醒您今日上海空气质量指数(AQI)：158 中度污染，气温3~11°C 晴 马上就是周末啦~想一下心情就可以飞起来~尽管如此今日晨间雾气还是挺大的，记得带口罩进行防护哟~[玫瑰][江南style],1
2014-01-17,多云不见云，混沌清一色。人人带口罩，处处听咳声。奥运环境好，世博空气清。不是做不到，原因你知道！[泪][吐][生病],1
2014-01-17,早上听新闻说今天空气质量良，我居然就真的不戴口罩了。。。半路上就发现我的傻手机又不会对焦了。。。,1
2014-01-18,"好消息 免费堤供 一线交警 交通协管员交通警察口罩.每天城市繁忙路段空气中污染是危害交警身体的因素,根据调查 交通协管员说 1位32岁交警6位交通协管员生肺病肺癌已故 警报:中国交警的平均寿命仅43岁！能吹哨子口罩研发发明成功 有显著防PM异物 防冬防风寒 造福于健康专利:201310067911.1 13020163877",0
2014-01-18,おはよう。周末早上起了大早，今天上海空气有些模糊，出门记得口罩哦。[带着微博去旅行][呵呵][呵呵][带着微博去旅行],1
2014-01-18,大波冷空气来袭！[浮云]周末北方大部降温！大风降温如何保健康？1出门戴口罩，还应注意每天换，身体在保证不冷的前提下，不宜捂得过严。2心血管病人上午别出门，气温骤降，易诱发中风、脑梗塞、心肌梗死等疾病。3异物入眼千万别揉，否则易使异物划伤角膜，还可能致异物嵌入角膜，致感染发炎。,1
2014-01-18,今天这空气一会出去又要带口罩了[怒],1
2014-01-18,今天空气质量太差，出门看中医，忘记带口罩了！！！[闭嘴][闭嘴][闭嘴],1
2014-01-18,不到一小时，节目就要开始啦，今天的专家是来自上海市东方医院的院长刘中民。雾霾除了对呼吸系统会造成极大影响外，还会对我们的心血管造成损害。那空气污染物是如何进入我们的心血管？哪些疾病又是在雾霾天极易诱发？戴不戴口罩会影响正常人的血压吗？有什么食物可以抗击雾霾吗？大家千万不要错过哦。,1
2014-01-18,"忘了戴口罩出门。。。2014-01-18 15:00  上海空气质量指数: 256 (PM2.5 205.9ug/m3, 所选监测点的最大值), 非常不健康",1
2014-01-19,"口罩戴起来。空气质量指数: 上海: 171 (中度污染), 上海 (美领事馆): 182 (不健康), 北京: 150 (中度污染), 北京 (美使馆): 191 (不健康), 广州: 138 (轻度污染), 长沙: 170 (中度污染), ...",1
2014-01-19,喝杯咖啡后准备去黄浦江滨江大道做个散步，步行至东方明珠，然后沿世纪大道回家，貌似空气又不是很好，带上口罩吧。,1
2014-01-19,上海的空气越来越差。出门勿忘口罩!!,1
2014-01-19,回到上海发现空气还不如北京，北京这两天还能看到蓝天呢。我大中国的良民们果然已麻木了，首都人民少有戴口罩者，看来已经懒得关心空气了，爱谁谁吧[汗],1
2014-01-20,下个星期就要过年了，今天空气好差阿，记得戴口罩，早安@SNH48-徐言雨 ,1
2014-01-20,"今天重污染转严重污染,出门口罩带好哦。北方冷空气逐渐要下来了,预计下午的时候pm2.5会一度超过300,目前已经225了。",1
2014-01-20,一早上起床就咳嗽不已，觉得特别奇怪，出了门立刻就明白原因了。以前总是雾霾天看见大家在网上发照片，现在反而是哪天天蓝了，大家一阵兴奋。毒空气俨然变成一种常态，马路上戴口罩的人也越来越少了。在这种恶劣的环境下生存，我的喉咙啊，你不是应该变得坚强一点，快点适应吧！,1
2014-01-20,"雾霾空气救救他们 是谁阻止交通协管员戴口罩执勤 据我调查 交通协管员说 上海外滩1位32岁交警6位交通协管员生肺病肺癌已故 每天城市繁忙路段空气中污染是危害交通协管员身体的因素,警报:中国交警的平均寿命仅43岁！能吹哨子口罩研发发明成功 有显著防PM异物造福于健康专利201310067911.1 13020163877",0
2014-01-20,唔...空气不好[泪]*口罩?我需要你?。就想着吃不是件好事！,1
2014-01-20,今天的天气和空气简直是绝配，再搭上大风。居然就今天出门没带口罩！！！最近点儿总这么正，我有点儿快受不了！,1
2014-01-20,今天没戴口罩真是痛苦呀，很明显鼻子失效，冷空气直刺大脑，我勒个去！！[泪][泪][泪][感冒][感冒][感冒],1
2014-01-20,昨儿刚买20个口罩，上海空气倒是蛮配合我的。,1
2014-01-20,今儿个空气还是不好，但是为了保卫人民群众的生命、财产安全，警察蜀黍们全副武装上街巡逻！（吐槽声一片：就一破口罩，还全副武装……）,1
2014-01-20,"上海今天空气质量指数301严重污染.两个月感冒反复没有停过.基本不运动了.每次出门戴着口罩,多数人对都此麻木,显得自己不正常.这两天处理家具电器,给点钱就卖了.来购买的都是刚创业的年轻人,做事有激情.东西是自己的,资源是大家的, 不用的东西对别人可能就是宝.问题是在这样的环境下,做什么还有意义呢.",0
2014-01-20,今天空气又好差。出门没带面罩，连口罩都也忘了[挖鼻屎],1
2014-01-21,在加德满都的5:00醒来，窗外依然漆黑。不敢在7摄氏度的温度下，穿短打去跑步。穿了温暖一点的衣服，选择了散步。大街上依然漆黑。旱季电力的缺乏，使这个城市不能肆意的用电。左行以及当地人戴着口罩，迫使我迅速返回酒店。闻到空气里那种烧稻草的味道，就想起那个烧尸庙的情形，不敢大口呼吸。,1
2014-01-21,我妈说喝这个水痘才不会留疤 大半夜喝甜汤…… 打算明天出门呼吸新鲜空气 可是我不想带口罩[泪],1
2014-01-21,机智如我穿了五件出门还是被吹的一脸凌乱～不过冷空气来了就能摆脱雾霾。但是难得听话@沁之之快点好好学习假期在二月 带了口罩居然阳光明媚蓝天无云～,1
2014-01-21,北国风光，千里雾霾，万里尘飘……空气如此糟糕，引无数美女戴口罩[偷笑]近期多地连续不断的雾霾天气，导致许多人外出不得不戴口罩。这不，一场原本普通的校园公益活动，发现第2张图自带亮点，大家感受一下[吃惊],1
2014-01-22,治理雾霾方法如下:用一台机器制造在空气中形成涡流如同海里的漩涡，在底下配一个巨大的PM2.5口罩过滤后，将新鲜空气重新释放。这个点子免费，不需十亿。谢谢。,1
2014-01-22,专家提醒：不要经常给宝宝戴口罩或用围巾护口。 经常戴口罩会降低宝宝上呼吸道对冷空气的适应性，缺乏对伤风、支气管炎等病的抵抗力。围巾多是羊毛或其他纤维制品，一会使围巾间隙中的病菌尘埃进入宝宝的上呼吸道，二是使羊毛等纤维吸入体内，诱发过敏体质的宝宝发生哮喘病，而且影响正常肺部换气。,0
2014-01-22,空气还可以，但还是得戴口罩,1
2014-01-22,"空气质量指数: 北京 (美使馆): 287 (极不健康), 哎，忘记带口罩了?",1
2014-01-25,这天空灰的，空气质量竟然是优[思考]出门要不要给小魔带口罩啊？春节快到了，亲戚聚餐今天开始，又是潮州菜馆~青耀园，不喜欢吃[失望][困],1
2014-01-25,早上出门的时候特地看空气啊！特么还是优啊！所以没带口罩啊！然后zhou着zhou着，天越来越黄啊！就看到从优变成中度污染又变成重度污染了！坑爹啊！[怒],1
2014-01-25,我今天竟然没带口罩[抓狂]，可是早上明明说空气指数良啊，一会会变成重度雾霾了，姐hold不住,1
2014-01-25,"好消息 免费堤供 一线交警 交通协管员交通警察口罩.每天城市繁忙路段空气中污染是危害交警身体的因素,根据调查 交通协管员说 1位32岁交警6位交通协管员生肺病肺癌已故 警报:中国交警的平均寿命仅43岁！能吹哨子口罩研发发明成功 有显著防PM异物 防冬防风寒造福于健康专利:201310067911.1 13020163877",0
2014-01-25,"早上出门空气质量还报37的，下班已经重度污染了……………………我没戴口罩啊(""□) ",1
2014-01-25,丐帮长老叹道：“兄弟们，对于我们这世界上最悲催的事是能给钱的好心人越来越少了，更悲催的是空气越来越脏了，看把你们都熏得眼泪流个不停，讨的几个钱还不够买口罩的，都散了吧！”,1
2014-01-25,张鸣 发改委官员说，自2000年以来，北京的空气改善多了。要论沙尘暴，是改善了，但雾霾呢？沙尘我们戴口罩可以防，现在的雾霾，口罩都没用。,1
2014-01-25,这个是防PM2.5的口罩 五个装 无纺布的料子 但是可以反复戴的 这一包戴一个月没什么问题 现在空气这么差很有需要的喔 还有宝宝款的 等下发 大人的78一包五片,1
2014-01-26,@国际绿色经济协会 在这个即将到来春天，你在守望着什么？？ 在2014年的春天里，我希望天是蓝的，云是白的。吃的能吃喝的敢喝！不需要海涛奶粉。出门不需要戴口罩，能呼吸到新鲜的空气,1
2014-01-26,霍尼韦尔最新款家用空气净化器内卖来了！同学们你们上次争相求购的就是他们，分国产和进口，各种参数请见图片，有正规发票及售后，由于是内卖所以价格还有优惠，你懂得[偷笑]数量有限，需要的同学抓紧和我联系啊；另是不是还有同学求购口罩什么的？防寒服貌似也有特卖，要的同学速度和我联系[调皮],0
2014-01-27,看着今天空气不错我就没戴口罩出门，原本想呼吸下新鲜空气的，结果没想到被汽车尾气给呛着了[衰],1
2014-01-28,身！体！健康！很重要！陪我妈去看病，我自己反而又困又冷，医院的空气果然是不好呀，在我哈欠一个接一个的同时，河马般的大嘴里不知道进去了多少细菌，口罩口罩，我需要大口罩！！help. sos.,1
2014-01-28,江西南部有个叫泰和的小城、市容没有绿化、空气每天霾得受不了绝对pm100的水平，物价水平跟上海差不多、绝对不适合居住！在上海最霾的日子里偶都能忍受、可以不戴口罩而这里刚进城就把脸蒙住、空气之脏可想而知！难道要在这里呆到过年？上饶都比这里好、井冈山更不错啊！ ,1
2014-01-29,由于空气质量恶化，雾霾现象出现增多且危害加重。路上越来越多的人们开始戴起口罩。据新闻报道：今年各地市民对烟花爆竹燃放热情不高，以及政府部门倡导环保过年等因素，烟花爆竹销售预冷，再次呼吁，今年春节，尽量不放或少放烟花爆竹[马到成功][马上有对象][马上拜年],1
2014-01-29,乃们都到家了吗？现在是不是正处在其乐融融的家庭聚会中呢？那啥，口罩都随身带了吧？康哥在家中为您播报：现在的空气情况有点糟糕哦，欢乐过大年，千万别忘了吃的得健康，呼吸健康哦～还有少放点鞭炮！[嘻嘻],1
2014-01-30,蛇年除夕上海的空气有毒，戴着口罩去上班,1
2014-01-30,在上海过年的童鞋们好好享受这几天吧，难得过年有这种温度的，真给力！同时提前给大家拜年，希望大家节日里少放或者不放鞭炮，祝大家在马年出门不需要再戴口罩，每天可以拥有新鲜的空气、干净的水质、放心的食品，健健康康过好每一天！[太阳][手套][礼物][发红包][吃元宵],1
2014-01-30,过节空气噶差。。。。。。。哎。。。。。口罩带起。。。。。老老实实看看球。。。。。不乱跑。。。。。[酷][嘻嘻],1
2014-01-30,"朝闻天下 免费堤供 一线交警 交通协管员交通警察口罩.每天城市繁忙路段空气中污染是危害交警身体的因素,根据调查 交通协管员说 1位32岁交警6位交通协管员生肺病肺癌已故 警报:中国交警的平均寿命仅43岁！能吹哨子口罩研发发明成功 有显著防PM异物 防冬防风寒造福于健康专利:201310067911.1 13020163877",0
2014-01-30,大家对于这种天气已经麻痹了么，都不戴口罩，还跑步锻炼来着，我去！活腻了嘛！婆婆讲现在她学校的小朋友都会得奇怪的病，全身痒，然后开始脚部溃烂，班里两个孩子都没来考试。医生讲就是雾霾导致的，家长都开始强烈要求每个班级装空气净化器了，不过教育局是不会这么“乱花钱”的吧。r(st)q,1
2014-01-30,今天空气这么糟居然没人戴口罩？！[感冒],1
2014-01-30,已经雾霾了，还不断[放鞭炮][放鞭炮]，估计年初四空气更是惨不忍睹，幸好@漫漫轻凌 @雨侯彩虹 @如花_口苗_猫猫花 不是初四早上走，不然还要戴口罩。,1
2014-01-30,终于改完文章可以喘口气了[兔子]但泥马这空气质量[衰]口罩君明天又要出动啦[感冒],1
2014-01-30,现在严重污染啊～大家出门记得戴口罩 大家新年快乐哈 今天鞭炮少放点 最好不放 现在空气都污染成这样了 我们就不要再糟蹋地球啦,1
2014-01-30,这空气！！！！！我无语了！！！！明天要带口罩出门了 擦！！！！！！！,1
2014-01-30,空气都这样了，不放鞭炮会屎吗？？明天别又装逼戴口罩像真懂什么危害性似的满街跑，自作孽不可活，真是吃不消这些人的思路？？[鄙视][鄙视][鄙视],1
2014-01-31,虽然自己不过年，还是要祝各位好朋友新年快乐，马上有想要的所有。还有明天出门记得戴上口罩，烟花虽美，但对空气还是有一定的污染哦。[兔子],1
2014-01-31,新年钟声尚未响，鞭炮烟花大军已冲入小区巷子里一通乱放。窗外因重度污染略显迷蒙的空气，彻底飘起了充满硫磺味儿的迷雾。没搞明白，是这群人不在乎这么差的环境、还是身体已经强健到任何时候都无需口罩，或是家人个个吸道道畅通无阻。无知的人啊，也无法判你有罪，但你所犯的罪恶已入骨髓！@央视新闻,1
2014-01-31,令人担忧的空气质量=_=前面看见个大叔戴着口罩放烟火=_=我不知道该说什么了。睡觉了。晚安,1
2014-01-31,"今天家里增热闹,冷菜就满满一桌????饭后大人们开始看春晚?还有麻将??这个点终于到家睡床上了?状态不好脸都肿喽??肥家路上烟雾蒙蒙?幸好备有口罩?大家为了空气质量少放点烟花炮竹吧?祝亲朋好友们?新春快乐?,?龙马精神?,?一马当先?晚安??",1
2014-01-31,放毛鞭炮啊呛死人了！空气质量已经够差了还要在火上浇油吗？哎呀明天早上又要戴口罩出门了！不过戴口罩应该也没有用吧因为空气毒到口罩都挡不住了！呼呼！[生病][抓狂][I][怒],1
2014-01-31,我去你大爷的啊卧槽也不看看现在几点了放你大爷的鞭炮啊？！省着这点时间回去睡觉可好？！再说了这pm2.5都几百了能不能别添乱了？！这灰蒙蒙的天是不是吸一口空气特么的爽歪歪啊？！省了买鞭炮的钱给自己买几个口罩保护一下自己可好？！脑洞这么大鞭炮炸出来的吧啊？！,1
2014-01-31,后悔没有买3m口罩了…一整晚无间隙的轰炸声…空气中弥漫着硝烟的味道…你们是凭着怎样一股炸碉堡的劲这样保持never stop 的勇猛势头，代替路边停的车感谢你们，新年换新衣[呵呵],1
2014-01-31,大年初一，空气质量真差，出门要带口罩?,1
2014-01-31,"朝闻天下 免费堤供 一线交警交通协管员交通警察口罩.每天城市繁忙路段空气中污染是危害交警身体的因素,根据调查 交通协管员说 1位32岁交警6位交通协管员生肺病肺癌已故 警报:中国交警的平均寿命仅43岁！能吹哨子口罩研发发明成功 有显著防PM异物 防冬防风寒造福于健康专利:201310067911.1 13020163877",0
2014-01-31,外面的空气还适合人类呼吸么 我靠 天天口罩的节奏好吧,1
2014-01-31,去外面放炮和烧香的时候记得戴口罩，外面空气实在不好,1
2014-01-31,刚才妈来电话说，带她孙子去放炮烧香的时候记得戴口罩，说城里空气不好。口罩给你和宝宝准备好了，赶紧起来，去静安寺拜拜，今年争取升正处。,1
2014-01-31,麻痹这个空气[拜拜] 瞬间尿了好吗 明天出门一定要戴口罩不然会死人的啊,-1
2014-01-31,一到过年就想隐居到深山老林。。。空气那么差烟花爆竹肆意妄行，害得我晚上回去看到家门口有人放饶了个圈走，国人真是没救了，活该天天戴口罩。半夜还被吵醒睡不了觉，这日子是用来忍受的么！下午睡了会才感觉好起来[泪],1
2014-01-31,"朝闻天下 免费提供 一线交警交通协管员交通警察口罩.每天城市繁忙路段空气中污染是危害交警身体的因素,根据调查 交通协管员说 1位32岁交警6位交通协管员生肺病肺癌已故 警报:中国交警的平均寿命仅43岁！能吹哨子口罩研发发明成功 有显著防PM异物 防冬防风寒造福于健康专利:201310067911.1 13020163877",0
2014-02-01,"好消息 免费提供 一线交警交通协管员交通警察口罩.每天城市繁忙路段空气中污染是危害交警身体的因素,根据调查 交通协管员说 1位32岁交警6位交通协管员生肺病肺癌已故 警报:中国交警的平均寿命仅43岁！能吹哨子口罩研发发明成功 有显著防PM异物 防冬防风寒造福于健康专利:201310067911.1 13020163877",0
2014-02-01,看了空气质量，良好，好吧，决定出门不戴口罩，谁知道，走了一圈，鼻子酸涩的不行，这所谓的优良，是您幻想出来的吗？！！,1
2014-02-02,"好消息 免费提供 一线交警交通协管员交通警察口罩.每天城市繁忙路段空气中污染是危害交警身体的因素,根据调查 交通协管员说 1位32岁交警6位交通协管员生肺病肺癌已故 警报:中国交警的平均寿命仅43岁！能吹哨子口罩研发发明成功 有显著防PM异物 防冬防风寒造福于健康专利:201310067911.1 13020163877",0
2014-02-02,戴了口罩都能闻到空气中有股灰得味道。[感冒][感冒][感冒],1
2014-02-02,大年初二跑了21.5公里，空气佳。大年初三雾霾，戴口罩出门。好空气什么都放下跑一次步，坏空气该干嘛干嘛，北方取暖南方雾霾，河北的这些破钢厂早倒闭空气早好。,1
2014-02-02,星期天…空气质量好差…早上新闻说能见度500m…出门一定要佩戴口罩G…最近空气状况都好糟糕…,1
2014-02-02,"空气质量指数: 上海 (美领事馆): 304 (有毒害), 上海: 290 (重度污染)―――出门就赶脚白朦朦的一片，口罩果断戴起来???",1
2014-02-02,燃放烟花爆竹污染是空气重度污染的几倍还有毒气灰尘，所以燃放烟花爆竹时要戴口罩防护。 这和长时间的看电脑、看电视、抽烟喝酒、大规模的开私家车出行一样等于慢性自杀，人要自己对得起自己，不要和自己过不去，生命只有一次健康身体是最重要的，要好好珍惜。,1
2014-02-02,早上醒来，拉开窗帘，就知道今天是个坏天气，阴霾笼罩，一个极坏的天气。上网一查，乖乖龙滴龙，PM240。天不下雨天不刮风不算好天气，加上空气质量优良才是好天气。空气质量排第一，否决指标。待会儿走亲访友得戴上防毒面具（PM2.5专用口罩）了。新年要有好心情，马上想好事儿。[哈哈][哈哈][哈哈],1
2014-02-02,早安  @M鹿M   今天上海的天气不好哟，空气指数差到不行，我要戴着口罩出门了哟！[感冒][感冒]北京的空气貌似也不是很好的说，小哥哥要注意哦，记得戴个口罩哦！！[感冒][感冒]咳嗽都还没好自己一定要注意点哦！！,1
2014-02-02,"日本代购现货。三次元防PM2.5口罩,日本原装进口,99.9%阻隔流感病毒,可防0.1微米细小颗粒,是普通口罩防PM2.5的25倍.淡紫色只有一包哦[偷笑]一包12枚！一点不贵！特价出！过年放过鞭炮后空气又差了。。普通口罩是防不了的哦",1
2014-02-02,"好消息 免费提供 一线交警交通协管员交通警察口罩.每天城市繁忙路段空气中污染是危害交警身体的因素,根据调查 交通协管员说 1位32岁交警6位交通协管员生肺病肺癌已故 警报:中国交警的平均寿命仅43岁！能吹哨子口罩研发发明成功 有显著防PM异物 防冬防风寒造福于健康专利:201310067911.1 13020163877",0
2014-02-02,回老家几天总觉不自在，因为看不到空气质量指数。不过一直碰到雾霾天，确定空气不会好，所以在外就戴口罩。回到上海，第一件事开电脑，看空气质量，果然今天老家是重度污染。,1
2014-02-02,今天从早到晚空气没好过。。这种天不光要纠结穿什么还要纠结戴什么口罩。。?,1
2014-02-02,第325天：今天杭州的空气好差啊，粑粑要给戴口罩，我就是不乐意[抓狂]硬着头皮去了龙井村玩，小胖纸很嗨皮[太开心]晚上平安回到家了，粑粑开车辛苦啦[爱你][爱你],1
2014-02-03,上海空气质量已经很糟糕了，能别再放烟花爆竹了么？等到每天都不得不戴口罩出门的时候，什么年味不年味，接不接财神的还会显得那么重要？,1
2014-02-03,今天降温 空气好转 但是外面鞭炮阵阵 明天出门，又要戴口罩不,1
2014-02-03,鞭炮连天啊……………明天的空气质量…………………还是戴口罩吧[挖鼻屎],1
2014-02-04,今天一路回家都是烟火，pm2.5 何财神爷比起来。只要财源滚滚，天天带口罩都可以。不过有句说句，pm2.5何放烟花还不是很打嘎巴，人家日本每年夏天都放的，空气也都还好啊,1
2014-02-04,财神在气温骤隆时到人间，空气充满微尘，到处震耳响声，也真是敬业啊!猜想他肯定带着耳套和口罩，穿着防护服，辛苦啊!,1
2014-02-04,带孩子出门遛个弯，脚下遍地都是烟花爆竹的残骸，空气中弥漫着一股硫磺与硝的刺激性味道，是人们送给财神爷的贺礼！空气质量已经很差，PM2.5浓度爆表，可是人们为了一个“财”字不惜继续污染环境、破坏臭氧，这就是人性的弱点！这就是他们“造福”后代的方式！财神爷见状后也无奈戴起了口罩，不愿下凡,1
2014-02-04,偶然，走进一个居民小区。曾经住过的八十年代老公房已经消失，变成了一片干净的绿化地。二位老太太坐在木椅上聊天晒太阳，她们都戴着口罩[偷笑]。今日立春，空气质量优良。[鼓掌],1
2014-02-05,《沁园春霾》常州风光，千里雾封万里尘飘。望运河内外浓雾莽莽，高架上下，雾霾滔滔。车舞长龙，黑烟直冒，欲上沪宁把车飙。需晴日，盼大风吹过北风狂扫。空气如此糟糕，引无数学生不出操，比南京北京，这里更糟；都市风景全戴口罩。一代天骄，龙城常州，只见山顶不见腰；俱往矣，想要活命者赶紧外逃,1
2014-02-05,本来对上海的空气质量怨声载道，回老家之后发现那里空气质量更差且大家全部若无其事，戴个N95口罩上街上走一圈回头率高得要命，人人一副“这人是不是从传染病房逃出来了”的表情。回到上海之后由衷觉得一切都太好了。,1
2014-02-05,今天下雨！乘地铁去江苏昆山花桥啦!好有乘火车的感觉！[哈哈][哈哈][发红包][发红包][马到成功]天阴沉，据说空气不错，撑个伞不用口罩了！[玫瑰][玫瑰][好棒][好棒],-1
2014-02-06,央视《原来如此》节目介绍kn90带活性炭的口罩的防雾霾效果最好，能将重度污染的空气过滤为pm2.5为个位数的浓度,1
2014-02-08,"最强大脑 发明交通警察口罩防PM异物吹口哨不影响等 每天城市繁忙路段空气中污染是危害交警身体的因素,根据调查 交通协管员说 1位32岁交警6位交通协管员生肺病肺癌已故 警报:中国交警的平均寿命仅43岁！能吹哨子口罩研发发明成功 有显著防PM异物 防冬防风寒造福于健康 专利:201310067911.1 13020163877",0
2014-02-08,亲，冷空气又降临了呢！[雪][雪]你做好保暖的准备装备了吗？即日起，启路所有冬季用品，如手套，帽子，围巾，口罩全部3折哦，所有商品卖完为止！[给力]更有热水袋统一价销售呢，可拆洗29元，不可拆洗25元，价格是不是很有诱惑力，亲，你动心了吗？赶紧来启路淘宝吧！地址：福州路620号[马到成功]@启路,1
2014-02-09,老妈一早拉我起来去相亲，我不愿意，老妈就恐吓我一周不煮饭，最后我妥协了…戴着口罩眼镜屁颠屁颠地出门了。到现场后远远看到我妈向我招手，可能是认出衣服的关系吧。然后我走过去摘下眼镜那一刻，周边空气寂静了…我妈一大巴掌打过来说：把你妹妹叫来！然后跟相亲的人解释说这个是哥哥…,1
2014-02-09,"最强大脑 发明交通警察口罩防PM异物吹口哨不影响等 每天城市繁忙路段空气中污染是危害交警身体的因素,根据调查 交通协管员说 1位32岁交警6位交通协管员生肺病肺癌已故 警报:中国交警的平均寿命仅43岁！能吹哨子口罩研发发明成功 有显著防PM异物 防冬防风寒造福于健康 专利:201310067911.1 13020163877",0
2014-02-09,多谢@要要_自掘坟墓抖艾姆 ，老年合唱团演唱会的物贩都到了，特别是T恤和包，太酷炫了！知道魔都空气不好，还特地塞了包口罩，泪流满面……,1
2014-02-10,现在还有什么废旧材料会比我们家的一次性口罩更好找呢[嘻嘻]我和女儿的净莲灯笼，希望空气不再浑浊，我们能够再也不要戴着口罩出门，孩子们更是可以在蓝天下自由快乐地玩耍。,1
2014-02-10,截至发帖前，据中央气象台数据发布，中国PM2.5今日污染最严重的是@嘉峪关发布 空气质量指数295，属于重度污染，嘉峪关的朋友出门记得戴口罩哈[悲伤],1
2014-02-11,晴天，空气质量优，我却带着口罩，因为过敏愈演愈烈又成了关公脸。想象下，口罩遮盖部分比眉心那抹红还要红十倍！[抓狂][抓狂][泪]必须去中医院求助中药调理身体了，小伙伴们有没有好的推荐,1
2014-02-11,味（微）甜你妹啊！你们自己没吃过吧！味觉都有问题吧QAQ【医生说，空气不好也是诱因。蓝后，老妈顺势就开始说起夏天要给我准备薄型口罩……_(:з)∠)_老妈，你等冬天过完好嘛[汗],1
2014-02-13,有人说，北京不适合人类居住，这未免地太危言耸听了。空气不会365天都雾霾。当空气不好的时候，出门戴只口罩不就好了么。平时少出门，人多的地方少去。14:27,1
2014-02-15,"独家提供交通警察口罩发明 防PM异物 吹口哨不影响等 每天城市繁忙路段空气中污染是危害交警身体的因素,根据调查 交通协管员说 1位32岁交警6位交通协管员生肺病肺癌已故 警报:中国交警的平均寿命仅43岁！能吹哨子口罩研发发明成功 有显著防PM异物 防冬防风寒造福于健康 专利:201310067911.1 13020163877",0
2014-02-16,"21世纪最伟大的交警 交通协管员健康发明 每天城市繁忙路段空气中污染是危害交警身体的因素,根据调查 交通协管员说 1位32岁交警6位交通协管员生肺病肺癌已故 警报:中国交警的平均寿命仅43岁！能吹哨子口罩独家研发发明成功 有显著防PM异物 防冬防风寒造福于健康 发明专利:201310067911.1 13020163877",0
2014-02-17,我可以戴上我的口罩但你有本事不放屁污染空气么？[哼],1
2014-02-18,"供应21世纪最伟大的交警 交通协管员健康发明 每天城市繁忙路段空气中污染是危害交警身体的因素,根据调查 交通协管员说 1位32岁交警6位交通协管员生肺病肺癌已故 警报:中国交警的平均寿命仅43岁！能吹哨子口罩独家研发发明成功 有显著防PM异物 防冬防风寒造福于健康 专利:201310067911.1 13020163877",0
2014-02-18,当发现有人出现一氧化碳中毒时，应立即采取下述措施：1、立即打开门窗通风，迅速将患者转移至空气新鲜流通处。2、确保呼吸道通畅，将头部偏向一侧，以防呕吐物吸入呼吸道导致窒息。3、对有昏迷或抽搐者，可在头部置冰袋。4、应尽快向急救中心呼救，5、在现场抢救者个人必须配带有效的防护口罩或面具。,0
2014-02-19,《沁 园春?雾》：北京风光，千里朦胧，万里烟飘，望环城内外，浓雾莽莽，鸟巢上下，阴霾滔滔，车舞长蛇，飞机难降，欲上六环把车飙，需晴日。空气如此糟糕，引无数美女戴口罩，惜一罩掩面，白化妆了，唯露双眼，难判风骚，一代天骄，央视裤衩，只见后座不见腰，尘入肺，有不要命者，来做早操。,1
2014-02-19,当我发现我跟不上现在的潮流了，and他们的脑回路了，是因为，我戴口罩是怕冷加以前远郊那空气太差戴习惯了，才发现人家是拿这当美颜工具在用。我没有生在那个初中就拿神器拍的自己皮肤细腻红润有光泽的年代是该庆幸还是惭愧。我留下了我当时真实的样子真好。,0
2014-02-19,总算盼来个无雨日，多日想run的心早就按捺不住[偷乐][偷乐][偷乐]。对着不佳的空气指数稍一纠结，还是戴上口罩换鞋出门。星星之歌单曲循环了八公里还没听厌，我是有多爱全智贤吖[好爱哦][好爱哦][好爱哦]。那些无法理解跑步的魅力的朋友们，最后那张就是我滴心声，哈哈哈[笑哈哈][笑哈哈][笑哈哈]。,1
2014-02-20,@SNH48-黄婷婷 早安阿黄，猜对了是个晴天，不过空气质量不太好记得太口罩。“你的微笑就是我全部的信仰。”[挖鼻屎][挖鼻屎][挖鼻屎]刷牙上班~,1
2014-02-20,"独家供应 21世纪最伟大的交警 交通协管员健康研发发明成功 每天城市繁忙路段空气中污染是危害交警身体的因素,根据调查 交通协管员说 1位32岁交警6位交通协管员生肺病肺癌已故 警报:中国交警的平均寿命仅43岁！能吹哨子口罩发明 有显著防PM异物 防冬防风寒造福于健康 专利:201310067911.1 13020163877",0
2014-02-20,"独家供应 21世纪最伟大的交警 交通协管员健康研发发明成功 每天城市繁忙路段空气中污染是危害交警身体的因素,根据调查 交通协管员说 1位32岁交警6位交通协管员生肺病肺癌已故 警报:中国交警的平均寿命仅43岁！能吹哨子口罩发明 有显著防PM异物 防冬防风寒造福于健康 专利:201310067911.1 13020163877",0
2014-02-20,今日PM2.5污染最严重城市 @郑州发布，郑州完胜全国各地区，300+的空气指数令其余地区甘拜下风。请当地的朋友们，出门戴口罩，没事少出门~~~关注空气指数，关注知趣天气~~,1
2014-02-21,口罩送来了，希望空气变好，没有它们用武之地@墨迹天气 ,1
2014-02-23,尼玛又要开始战脏空气了。口罩要买伐？[疑问],1
2014-02-23,老妈一早拉我起来去相亲，我不愿意，老妈就恐吓我一周不煮饭，最后我妥协了…戴着口罩眼镜屁颠屁颠地出门了。到现场后远远看到我妈向我招手，可能是认出衣服的关系吧。然后我走过去摘下眼镜那一刻，周边空气寂静了…我妈一大巴掌打过来说：把你妹妹叫来！然后跟相亲的人解释说这个是哥哥…,1
2014-02-23,最近迷上了张小娴的小说，一路上走着听着?仿佛觉得小说里的那个女孩儿写的就是我?不觉得?流下了眼泪?呵呵?在人潮涌动的五角场留下眼泪，是有多突兀呀?还好我戴了帽子和口罩！不知何时喜欢出门只留下两只眼睛感受空气?殊不知?我的安全感和露在外面的肌肤一样，慢慢减少！几乎没有！！,1
2014-02-23,"北京严重雾霾还将持续四天,要等新疆冷空气救援,去年12月上海出现2 3天,整个就像末日,戴口罩的人不一定多多少,已经淡定,有关机构说明棉布口罩也管用,抗菌是瞎掰。七年后患病的几率有亲蜜接触。",1
2014-02-24,[哈哈][哈哈][哈哈]笑疯了，今天空气不好，我的好友著名摄影师@王宁_wing 带口罩上班，群里某个吃货大师@梅玺阁主 说，你弱爆了，然后就发了他的装备。我瞬间败了。顺便@京城吃货日记 @侬好旁友 等一干好友同乐[哈哈][哈哈][哈哈][哈哈],1
2014-02-24,今日雾霾覆盖中国南方及北方大部分地区。最高地区空气直接蹿升到500+，@邢台发布 请小伙伴出门一定带上口罩，为了您和家人的健康，请尽量减少出门~,1
2014-02-24,雾霾笼罩七分之一国土 五类概念股打响抗霾之战，一是空气质量监测领域――天瑞仪器、华测检测、创元科技，先河环保、聚光科技二是除尘治理领域――龙净环保、科林环保、三维丝、菲达环保；三是硫化物治理领域――燃控科技、龙源技术、九龙电力、国电清新；四是口罩和空气净化产品；五是呼吸道医药,0
2014-02-25,"""国家兴亡, 匹夫有责""--------环境污染到了什么程度了, 雾霾太严重了,整天戴着口罩上班! 呼吸口新鲜空气竟然成了奢侈,这世道",1
2014-02-25,有个家伙狂打喷嚏，还不挡挡好[怒]  空气中弥漫着细菌的味道。。。应该常年戴口罩[泪],1
2014-02-25,口罩就好像我们的社会写照，每个人都只是戴上口罩，试图解决自己的空气问题，却没有人上街抗议为所有人要更好的空气。,1
2014-02-25,看到新闻说 雾霾天 各地校园 街头小巷的雕像都被戴上了口罩 可是真正需要戴口罩的是雕像么 应该是人 人们吧口罩戴在口上 可口罩应该被戴在口上么 应该被罩在心里 不让心中的霾传播到空气中去,0
2014-02-25,2月24日消息，中央气象台6时继续发布霾黄色预警，北京、天津、河北、山东、河南、陕西、山西等地大部地区有中度霾，其中京津冀等地部分地区有重度霾。气象台提醒，因空气质量明显降低，人们需适当防护，呼吸道疾病患者尽量减少外出，外出时可带上口罩。有“雾霾斗士”之称的SOHO中国董事长潘事屹。,1
2014-02-25,去机场的路上，北京空气质量太恐怖了，马路上真的没人戴口罩,1
2014-02-25,北京的空气太差了，呛嗓子。只好也去金象大药房买了几个口罩戴起来。,1
2014-02-26,雾霾天不带口罩一点也不亲民，而是显得特别愚民。空气这么差了、没啥实质举措，出来遛一圈，就能安抚人了？我们从来也不要这样的同呼吸、共命运,1
2014-02-26,为什么不是去要求呼吸新鲜空气，而是选择默默地带上了口罩？,1
2014-02-26,雾霾天头发护理也很重要。不带口罩出门的话，鼻子和嘴巴里都会充满那种毒害颗粒，所以回家后就要洗脸洗手，头发也是这样。雾霾天空气里的有害物质长时间附着在头发上会对头皮、毛囊造成损伤；长时间凝结在发根，严重时可能引起脱发。丰添防脱发洗发液可改善头皮环境，帮助强韧发质，全面解决头发困扰！,0
2014-02-26,借用武星“吴京”打油诗：“上海风光，千里朦胧，万里尘飘，望三环内外，浓雾莽莽，前后上下，阴霾滔滔！车舞长蛇，烟锁跑道，欲上外环把车飙，需晴日，将车身内外，尽心洗扫。空气如此糟糕，引无数美女戴口罩，唯露双眼，难判风骚。一代天骄，央视裤衩，只见后座不见腰。尘入肺，不要命者，还做早操！,1
2014-02-26,熬夜，没睡好。迷迷糊糊起床，虽然天气下着淅淅沥沥的小雨，可仍然没阻挡住我出门锻炼的步伐。蹋着雨水来到河边。啊，上班的人们打着花花绿绿的雨伞，有的嘴鼻兜着搞怪口罩。给这雾霾阴冷的天气，增添了一份温暖。该死的雾霾天，啥时候是个尽头。本该锻炼时深深地吸点新鲜空气，只能伸个胳膊扔个腿了。,1
2014-02-26,它们不去要求呼吸新鲜空气，而是带上了口罩，选择闭嘴~~~,1
2014-02-26,我们一个肺大约有3亿个肺泡，80个Pm2.5微粒聚在一起就可以堵死一个肺泡，我们生活的环境Pm2.5是300单位，一年堵死一千万个肺泡！10年堵死三分之一个肺！所以预测10年后中国将会肺癌井喷，并不是耸人听闻！ 请大家转发，政府如果无力解决我们自己要保护自己！至少上街要戴口罩，家里要准备空气净化器！,1
2014-02-26,天天下雨时，不停的刷新天气预报；天天雾霾时，不停地刷新空气质量。其实智能手机也就这么点出息了。是带伞？还是戴口罩？反正面具一定不会忘的。,1
2014-02-26,人们带上了口罩去对抗污染，而不是去坚持要求更干净的空气。,1
2014-02-26,今晚口罩?嗖嗖地出货，这空气质量太叫人闹心了?,1
2014-02-27,国人崇尚“君子动口不动手”，围着雾霾，千夫所指。外国小伙在电扇上绑块过滤板，就成自制空气净化器。发扬动手精神，也许口罩不会在货架上飞走 flying off。,1
2014-02-27,中国人早晚的作死  吃的你搞得餐不忍睹 用的质量实在不敢恭维  空气让人窒息  生不如死 （去买个口罩 我一哥们带了一天左右 嘴巴开始有红肿迹象  在健康得不到保障时 凭什么要求我们抵制日货  国家都不管我们的生活都是不负责的态度  我们凭什么要求效忠于此 日货其实本身没错 ）,1
2014-02-27,实在是失策，应该带个口罩的，空气净化器拿走后，味道好厉害！[不想上班],1
2014-02-27,为什么外面的空气一股恶臭啊 是哪边泄漏了么 再加上雾霾～看来有必要常备一个口罩了 [生病],1
2014-02-27,今天天不错，因为昨夜喜雨。见到久违的阳光，能见度恢复正常。微博微信一堆晒好天儿、摘口罩、pm2.5是29等[汗]。办公室门窗大开，来了个与大自然深度接触。让西北风来得更猛烈些吧。有风就会有阳光、蓝天、好一些的空气……要求不高。,1
2014-02-27,"春季是雾霾高发期，海淘新到的几盒3M N95的口罩，准备在上海空气暴表的时候保护下自己！国内现货，分两种:带呼吸阀的3M 8511,不带呼吸阀的3M 8210。细节图刚刚拍起来，大家可以选择一下！另外3M口罩是工业防尘罩，佩戴时间不宜过长，搜集了一些信息，大家可以参考下!要的亲还是老规矩，淘宝1元拍下备注",0
2014-02-27,为响应党和国家的号召，我们应该打开窗户，摘下口罩，关掉空气净化器，中华儿女同呼吸共命运，用我们的口鼻吸光雾霾，用我们的肺净化空气！在党的领导下，我们一定会克服困难，吸完雾霾！,1
2014-02-28,因为雾霾不少口罩网上脱销。 华北严重雾霾已经持续一周，北京一些网上口罩脱销，市民抢购包括空气净化器在内的抗污染产品。 北京官方发布的周三（2月26日）下午污染程度指标PM2.5浓度在部分城区达到每立方米约501微克。而世界卫生组织建议的安全标准是每立方米25微克。,1
2014-02-28,中国首例公民因雾霾状告政府。来自石家庄市的李贵欣指控政府在保护公民免遭有害物质侵害方面无作为，要求赔偿10000元和医疗费。他还以2002年全民扛非典扩散为由，要求免费向所有市民提供口罩，为每家免费安装空气净化器。其称，面对病毒威胁，在其他任何一个国家，恐怕已是全体公民起来向政府抗议了。,0
2014-02-28,空气搞成这样，强烈建议政府报销口罩和空气净化器的费用！一个年平均可支配收入只有1万5的国家，买这些有的没的要花好几千，合理吗？这合理吗？！！！,1
2014-02-28,"《沁园春雾霾》北京风光，千里朦胧，万里尘飘，望三环内外，浓雾莽莽，鸟巢上下，阴霾滔滔！车舞长蛇，烟锁跑道，欲上六环把车飙，需晴日,将车身内外尽洗扫。空气如此糟糕，引无数美女戴口罩,惜白化妆了！唯露双眼，难判风骚。一代天骄，央视裤衩，只见后座不见腰。有不要命者，还做早操。",1
2014-02-28,减少PM2.5伤害的措施并不多，戴口罩是唯一肯定有效的措施。但是请大家注意：戴口罩滤过污染空气的机制不仅仅是棉布的过滤作用，更重要的是口罩的吸附作用。所以根据我个人的理解，戴一只活性炭口罩外加棉布口罩，是合适的。当年我在北京小汤山医院抗击SARS就是这么戴的。请记住：并非口罩越厚越好。,0
2014-03-01,"提取DNA时忘了戴口罩，吸入过多酚氯仿，头很晕，拼命洗鼻腔，又跑到树林里吸新鲜空气，还是不舒服，长个记性下次好不好！我的nervous systerm, liver and kidney啊，别中毒啊。",1
2014-03-01,坐着，走着，打两个嗝，吸几口霾，堵几趟车，碰几回瓷。雾浓郁郁的，霾湿漉漉的。 高楼，电杆，广告牌，你不让我，我不让你，都布满了霾赶趟儿。惨白的像贞子的脸。空气带着土味；闭了眼，四周仿佛已经满是土坷垃儿。街上千型百色的口罩相互间警惕地瞅着，大小的垃圾丢来丢去。,1
2014-03-01,相关性不等于因果性。举个例子，我注意到口罩的需求量暴增，户外的空气质量就差，但显然口罩不能是空气质量差的原因。我们知道空气差才是口罩需求增加的原因。但有时空气不差也可能使需求量增加，比如传染病爆发。当别人阐述结论时，注意不要被他的思路所局限，应观察其中是否真正有因果联系。,0
2014-03-03,明天上班必须带口罩了！这是用生命在上班啊！空气差的肉眼都能看的出！一天上下来咳嗽不停！啊[抓狂][感冒]@竹小桃桃桃 ,1
2014-03-03,论坚决看多中国医药产业的奥义，第一是老龄化，需要比年轻时更多医疗服务，人口众多。第二城镇化，原来不常接受医疗服务的人会改变生活，就医更方便更注重健康，人口众多。第三环境污染，空气水土地，我们都是受害者，人口众多。归根到底的核心已经明了，剩下就是吃药，戴口罩，看医生，买医疗股票。,0
2014-03-03,"空气质量指数: 北京 (美使馆): 291 (极不健康), 北京: 270 (重度污染), 上海 (美领事馆): 84 (空气质量良好), 上海: 56 (空气质量良好)代表们都带口罩",-1
2014-03-03,早上起来查天气预报，看到空气质量“良”，索性不戴口罩，一路“裸骑”到公司。下午开始嗓子眼儿就痒痒的，小咳不断，一直到现在。太坑了~,1
2014-03-04,这两天空气不错新买的口罩都没机会用[汗],-1
2014-03-04,你知道吗？人的一个肺有3亿个肺泡，仅仅80个pm2.5颗粒就会堵死一个肺泡[衰]假设我们生活在pm2.5为300单位的环境里，那么1年后肺泡就会被堵死1000万个！10年后1/3的肺就没用了。小编再次提醒大家：出门戴口罩，在家要用空气净化器！,1
2014-03-04,[心]宅家净化器，出门戴口罩，为了全家人的健康身体，花几个小钱来预防总比得了各种病之后看病吃药花钱要划得来，臻净空气净化器，您最佳选择。,1
2014-03-05,"雾霾空气 独家免送一线交警交通协管员交通警察口罩.每天城市繁忙路段空气中污染是危害交警身体的因素,根据调查 交通协管员说 1位32岁交警6位交通协管员生肺病肺癌已故 警报:中国交警的平均寿命仅43岁！能吹哨子口罩研发发明成功 有显著防PM异物 防冻防风寒造福于健康 专利:201310067911.1 13020163877",0
2014-03-05,天气还那么冷，就想到冬天偏头痛。 这个情况，多发生在海边地区，冬天睡醒后会发生。在外面冷空气含有盐份一起被吸入，室外寒冷不会查觉。睡醒时，身体温暖，被吸入的冷气在头部躺着睡觉时溶解了，其实含有浓重的盐成分，而且停留在脑部不宜排出，最好带口罩啦 “我需要你的温暖给的一天，没有病痛。”,0
2014-03-05,老妈一早拉我起来去相亲，我不愿意，老妈就恐吓我一周不煮饭，最后我妥协了…戴着口罩眼镜屁颠屁颠地出门了。到现场后远远看到我妈向我招手，可能是认出衣服的关系吧。然后我走过去摘下眼镜那一刻，周边空气寂静了…我妈一大巴掌打过来说：把你妹妹叫来！然后跟相亲的人解释说这个是哥哥…,1
2014-03-06,"雾霾空气 独家免送一线交警交通协管员交通警察口罩.每天城市繁忙路段空气中污染是危害交警身体的因素,根据调查 交通协管员说 1位32岁交警6位交通协管员生肺病肺癌已故 警报:中国交警的平均寿命仅43岁！能吹哨子口罩研发发明成功 有显著防PM异物 防冻防风寒造福于健康 专利:201310067911.1 13020163877",0
2014-03-07,"雾霾空气 独家免送一线交警交通协管员交通警察口罩.每天城市繁忙路段空气中污染是危害交警身体的因素,根据调查 交通协管员说 1位32岁交警6位交通协管员生肺病肺癌已故 警报:中国交警的平均寿命仅43岁！能吹哨子口罩研发发明成功 有显著防PM异物 防冻防风寒造福于健康 专利:201310067911.1 13020163877",0
2014-03-08,嘿！你看到我带口罩了么？  其实我是寻求心里安慰，我在北京呆了三年那空气更糟糕，我回上海并不是这的空气好些，因为我爱这里。,1
2014-03-09,老妈一早拉我起来去相亲，我不愿意，老妈就恐吓我一周不煮饭，最后我妥协了…戴着口罩眼镜屁颠屁颠地出门了。到现场后远远看到我妈向我招手，可能是认出衣服的关系吧。然后我走过去摘下眼镜那一刻，周边空气寂静了…我妈一大巴掌打过来说：把你妹妹叫来！然后跟相亲的人解释说这个是哥哥…,1
2014-03-09,航路天气目前晴朗，目的地北京气温5度，有些冷，下机穿厚点。 记得抱抱接你们的亲友，他们很爱很爱你们。Good day！ 北京空气不是很好，旅游回来记得带上口罩。飞机晚点了，别在机场吃饭，回家有热乎的饭菜。 我们都在等你们！一直在等！我们期待奇迹，我们相信奇迹！,1
2014-03-09,"雾霾空气 独家免送一线交警交通协管员交通警察口罩.每天城市繁忙路段空气中污染是危害交警身体的因素,根据调查 交通协管员说 1位32岁交警6位交通协管员生肺病肺癌已故 警报:中国交警的平均寿命仅43岁！能吹哨子口罩研发发明成功 有显著防PM异物 防冻防风寒造福于健康 专利:201310067911.1 13020163877",0
2014-03-09,DIY空气净化器，自左至右分别是刚装好，半天和一天的情况。这还是pm2.5在100左右[抓狂]以后超过100口罩必须戴了,1
2014-03-10,"雾霾空气 独家免送一线交警交通协管员交通警察口罩.每天城市繁忙路段空气中污染是危害交警身体的因素,根据调查 交通协管员说 1位32岁交警6位交通协管员生肺病肺癌已故 警报:中国交警的平均寿命仅43岁！能吹哨子口罩研发发明成功 有显著防PM异物 防冻防风寒造福于健康 专利:201310067911.1 13020163877",0
2014-03-10,出门没戴口罩 呼吸的空气有点刺喉咙,1
2014-03-10,出门没戴口罩 呼吸的空气有点刺喉咙～,1
2014-03-10,今天空气很不好啊，没有戴口罩！[哼],1
2014-03-10,RXEM 使用自己的pm2.5检测仪检测室外空气 为重度污染231！大家戴口罩吧,1
2014-03-10,连口罩都要发了，空气是有多不好,1
2014-03-10,早上出门时天边一片模糊，就把口罩戴上了。以后猜谜再也不能说空气是看不见的啦～[挖鼻屎],1
2014-03-10,妈咪说空气又中度污染 非让我让口罩出门~[猪头]@动感老鼠2011 粑比来救快回来救我~~[汗],1
2014-03-10,戴着口罩一路走回来都快供氧不足了……做P民的只能受罪，连呼吸新鲜空气都享受不了,1
2014-03-10,刚查了一下空气指数，麻痹的重度污染……你妹儿老子今晚步行回来没带口罩……[泪]……咳咳咳,1
2014-03-10,今天空气有点不好，带了口罩吗??请注意身体尽量早点睡觉吧~晚安[月亮][月亮] @SNH48-吴哲晗,1
2014-03-10,想走？说走就走！有个把月没快走了，虽然空气质量不佳，带上口罩走起。在曾居住了７年的茅台路上发现了牛奶棚，买西番尼和苔菜饼，回忆着小时候品西番尼的味道。童鞋：不经意改变了一下方式，便会有新的发现；寻开心n只要你愿意，处处有快乐，这就是生活！,1
2014-03-11,室外７℃，空气质量良；口罩、西装、软底皮鞋，迎着朝阳边看边走，这才发现原来市民早餐是如此丰富；有趣的是在人群中寻找步伐频率最高的，踏上点便能走在人群的前列；走进单位花园，摘下口罩，深呼吸…那感觉，童鞋，你懂的。人啊，保持着４０岁的思想、３０岁的体格、２０岁的偶尔冲动～这就是幸福！,1
2014-03-12,"“空气质量优，适宜出行…"" 要是总有这样的好天气[太阳]，那是极好的吧！可现在这样的好天可是难得，小时候只有冬天才戴的口罩，现在你是不是也天天带着它呢，怎么能不“霾”怨啊！偏偏霾还是个粘人的家伙，不好打发，那童鞋们除了戴口罩有没有想过还能做些啥呢？小脑筋动动它！",1
2014-03-12,国内空气很担心，但是孩子又不愿意带口罩，说口罩太难看了～？ 不用担心！转对小朋友的可爱口罩第一批20号日本发货～！还有迪斯尼口罩，小朋友以后会自己带着口罩出门啦～！需要请私信哦～[兔子],1
2014-03-13,今天空气质量介于良优之间，三个日本同事还是一人一个口罩，太夸张了，我还准备晚上去跑跑呢。,1
2014-03-13,日本正品代购！！！现货！！！店主的朋友从日本帮我带回来哒。现在的空气质量真的太差。。电子口罩，也可以当移动空气净化器，车内也可以使用。永久性。保修期1年！！,1
2014-03-14,老妈一早拉我起来去相亲，我不愿意，老妈就恐吓我一周不煮饭，最后我妥协了…戴着口罩眼镜屁颠屁颠地出门了。到现场后远远看到我妈向我招手，可能是认出衣服的关系吧。然后我走过去摘下眼镜那一刻，周边空气寂静了…我妈一巴大掌打过来说：把你妹妹叫来！然后跟相亲的人解释说这个是哥哥…,1
2014-03-14,老妈一早拉我起来去相亲，我不愿意，老妈就恐吓我一周不煮饭，最后我妥协了…戴着口罩眼镜屁颠屁颠地出门了。到现场后远远看到我妈向我招手，可能是认出衣服的关系吧。然后我走过去摘下眼镜那一刻，周边空气寂静了…我妈一巴大掌打过来说：把你妹妹叫来！然后跟相亲的人解释说这个是哥哥…,1
2014-03-16,"能吹哨子口罩发明研发成功 有显著防PM异物 防冻防风寒造福于健康 雾霾空气 独家免送一线交警交通协管员交通警察口罩.每天城市繁忙路段空气中污染是危害交警身体的因素,根据调查 交通协管员说 1位32岁交警6位交通协管员生肺病肺癌已故 警报:中国交警的平均寿命仅43岁！ 专利:201310067911.1 13020163877",0
2014-03-16,"雾霾空气 能吹哨子口罩研发发明成功 有显著防PM异物 防冻防风寒造福于健康 独家免送一线交警交通协管员交通警察口罩.每天城市繁忙路段空气中污染是危害交警身体的因素,根据调查 交通协管员说 1位32岁交警6位交通协管员生肺病肺癌已故 警报:中国交警的平均寿命仅43岁！ 专利:201310067911.1 13020163877",0
2014-03-17,天上的云很清澈  马路边的空气却很浑浊  我忙不迭从背包里掏出口罩  做些无奈地抵抗,1
2014-03-17,"雾霾空气 能吹哨子口罩研发发明成功 有显著防PM异物 防冻防风寒造福于健康 独家免送一线交警交通协管员交通警察口罩.每天城市繁忙路段空气中污染是危害交警身体的因素,根据调查 交通协管员说 1位32岁交警6位交通协管员生肺病肺癌已故 警报:中国交警的平均寿命仅43岁！ 专利:201310067911.1 13020163877",0
2014-03-17,"警报:中国交警的平均寿命仅43岁！雾霾空气 独家免送一线交警交通协管员交通警察口罩.每天城市繁忙路段空气中污染是危害交警身体的因素,根据调查 交通协管员说 1位32岁交警6位交通协管员生肺病肺癌已故 能吹哨子口罩研发发明成功 有显著防PM异物 防冻防风寒造福于健康 专利:201310067911.1 13020163877",0
2014-03-17,目前本市空气中度污染临近重污染，按pm10标准已经比较差了，明天带好口罩哦。 后天降雨降温，空气会好转的。 明天的最高气温下调2度，原因是雾霾阻止升温，即使如此，最高气温也将达到22-23度。,1
2014-03-18,"警报:中国交警的平均寿命仅43岁！雾霾空气 独家免送一线交警交通协管员交通警察口罩.每天城市繁忙路段空气中污染是危害交警身体的因素,根据调查 交通协管员说 1位32岁交警6位交通协管员生肺病肺癌已故 能吹哨子口罩研发发明成功 有显著防PM异物 防冻防风寒造福于健康 专利:201310067911.1 13020163877",0
2014-03-18,早上一出大门鼻子就感觉空气味道不对，心想糟了，没带口罩！一看远处，再一查空气指数，立马验证了自己的鼻子的感觉,1
2014-03-18,新闻说口罩村出产了我们用的防?的有放鸡饲料袋再分别用塑纸包装，销到城里价格很贵却不过是普通的而巳，不防毒空气的，要另装炭片才有H用??,1
2014-03-18,"警报:中国交警的平均寿命仅43岁！雾霾空气 独家免送一线交警交通协管员交通警察口罩.每天城市繁忙路段空气中污染是危害交警身体的因素,根据调查 交通协管员说 1位32岁交警6位交通协管员生肺病肺癌已故 能吹哨子口罩研发发明成功 有显著防PM异物 防冻防风寒造福于健康 专利:201310067911.1 13020163877",0
2014-03-18,想买十块沉香木放在衣橱 代替熏香 想买两个卧室空气净化器 （一个口罩都买不起的人的愿望）,1
2014-03-19,空气质量指数: 上海 美领事馆 157 不健康; 上海 155 中度污染; 北京 美使馆 163 不健康; 北京 76 空气质量良好@朱格巴 口罩呢,-1
2014-03-19,"警报:中国交警的平均寿命仅43岁！雾霾空气 独家免送一线交警交通协管员交通警察口罩.每天城市繁忙路段空气中污染是危害交警身体的因素,根据调查 交通协管员说 1位32岁交警6位交通协管员生肺病肺癌已故 能吹哨子口罩研发发明成功 有显著防PM异物 防冻防风寒造福于健康 专利:201310067911.1 13020163877",0
2014-03-19,我一直关注雾霾经济，两会说国家要投入五万亿用于雾霾治理，要知道工程机械前两年才要分4万亿基础设施投资，雾霾治理看来是商机无限，赢利点在卫生防治、家电空气净化、建筑物清洁、新能源、化工环保领域，可以卖口罩，也可以尝试给烟囱套过滤带，总而言之，这里会诞生很多新贵。,0
2014-03-19,老妈一早拉我起来去相亲，我不愿意，老妈就恐吓我一周不煮饭，最后我妥协了…戴着口罩眼镜屁颠屁颠地出门了。到现场后远远看到我妈向我招手，可能是认出衣服的关系吧。然后我走过去摘下眼镜那一刻，周边空气寂静了…我妈一大巴掌打过来说：把你妹妹叫来！然后跟相亲的人解释说这个是哥哥…,1
2014-03-19,近5天内，本市空气质量已出现4天轻度及以上程度的污染，市场上标称具有“防雾霾”、“防PM2.5”的口罩如雨后春笋。但市质监局近日发布的质量安全风险监测结果显示，本市产销的38批次口罩经检测有24批次的实际过滤效率低于相关标准规定的90%的最低要求，占到被抽检样品总数的63%。www.gcm-mask.com,0
2014-03-20,骑车 13.7公里，用时57分，气温9摄氏度。空气质量堪忧，提醒大家注意，附使用2小时3M口罩滤棉对比图片。,1
2014-03-20,在家一定要饮净水器出来的水，一定要选购合格的空气净化器，家人从崇明选购肉类一定要把冰柜装满，出门一定要带口罩，开工一定要自带饭盒和农夫山泉，好吧我是怪人，但我离不开。。。,0
2014-03-20,国外品牌这是要把双重标准进行到底，全面迫使民众丧失选择权的节奏啊！先是吃进嘴的食物，国外禁止销售国内大力推广；现又涉及吸进鼻腔的空气，国外工业口罩到国内摇身一变为日常防护品，简直碧池！放心，哥一定指引你们找到非基因食用油和防护有效的民用口罩。,1
2014-03-20,现在口罩和眼镜一样是每天出门必戴的装备了，空气质量快改善吧?,1
2014-03-21,国外品牌这是要把双重标准进行到底，全面迫使民众丧失选择权的节奏啊！先是吃进嘴的食物，国外禁止销售国内大力推广；现又涉及吸进鼻腔的空气，国外工业口罩到国内摇身一变为日常防护品，简直碧池！放心，哥一定指引你们找到非基因食用油和防护有效的民用口罩。,1
2014-03-21,国外品牌这是要把双重标准进行到底，全面迫使民众丧失选择权的节奏啊！先是吃进嘴的食物，国外禁止销售国内大力推广；现又涉及吸进鼻腔的空气，国外工业口罩到国内摇身一变为日常防护品，简直碧池！放心，哥一定指引你们找到非基因食用油和防护有效的民用口罩。,1
2014-03-21,昨日外出走走，随处可以看到路边的花花草草惹人驻足，在郁郁葱葱的树下行走甚是惬意。可遗憾的就是空气雾霾没戴口罩，睡了一觉后嗓子难受不舒服。,1
2014-03-21,"警报:中国交警的平均寿命仅43岁！雾霾空气 独家免送一线交警交通协管员交通警察口罩.每天城市繁忙路段空气中污染是危害交警身体的因素,根据调查 交通协管员说 1位32岁交警6位交通协管员生肺病肺癌已故 能吹哨子口罩研发发明成功 有显著防PM异物 防冻防风寒造福于健康 专利:201310067911.1 13020163877",0
2014-03-22,今天的天气很可爱，空气很可爱，但是当口罩已是种习惯…,1
2014-03-23,"警报:中国交警的平均寿命仅43岁！雾霾空气 独家免送一线交警交通协管员交通警察口罩.每天城市繁忙路段空气中污染是危害交警身体的因素,根据调查 交通协管员说 1位32岁交警6位交通协管员生肺病肺癌已故 能吹哨子口罩研发发明成功 有显著防PM异物 防冻防风寒造福于健康 专利:201310067911.1 13020163877",0
2014-03-24,"如果经常打喷嚏，不妨戴平面口罩，因为可以减低把有害细菌通过空气传播给别人, 尤其在办公室，家里等人多密集，空气不流通的地方。 要记得经常换，把用过的口罩包好抛弃在适当的地方。 还有戴口罩前和脱口罩后，要把手洗干净！",1
2014-03-24,严重怀疑这两个城市由于米歇儿的到访努力治理了一下环保排放。上周北京空气貌似不错，人儿一走开始要戴口罩了，而西安今天居然是良，迎接夫人的到来。其实我们的空气质量是可以控制的。,1
2014-03-24,本来天气不好，加上过年家家户户都要放爆竹迎新啊，雾霾直接爆表了～妈妈只好戴口罩。我好想念在叔爷爷家的新鲜空气和蓝蓝的天啊～下午爸爸带妈妈去人山人海的KFC吃了个甜筒，妈妈好久没吃了，吃得好开心啊！！我也觉得很好吃，就是有点凉快，然后妈妈闹肚肚了一天[汗][吃惊],1
2014-03-24,连续两天地铁上遇到组队外出的日本人，奇葩的是男的都带着口罩，女的就正常...虽然知道岛国人有带口罩的习惯，但这几天空气还算好，而且他们带的方式都不正确，由于听得懂，又知道他们之间聊得话题很无聊...每回头看那些男的，总觉得像痴汉...,1
2014-03-24,刚出机场，我就有种想去买个口罩的冲动，北京这空气质量！,1
2014-03-25,忍受拥挤，忍受污浊空气，忍受不充足的睡眠。倒推到几点钟能清净一点不拥挤了，选择那个时间去上班；出门不要再忘记带口罩；简化生活保证睡眠。做到所及之事，寻求改变。,1
2014-03-26,"警报:中国交警的平均寿命仅43岁！雾霾空气 独家免送一线交警交通协管员交通警察口罩.每天城市繁忙路段空气中污染是危害交警身体的因素,根据调查 交通协管员说 1位32岁交警6位交通协管员生肺病肺癌已故 能吹哨子口罩研发发明成功 有显著防PM异物 防冻防风寒造福于健康 专利:201310067911.1 13020163877",0
2014-03-26,春暖花开时，却被迫戴口罩、无法呼吸清新空气的节奏令人忧伤…[泪],1
2014-03-27,"警报:中国交警的平均寿命仅43岁！雾霾空气 独家免送一线交警交通协管员交通警察口罩.每天城市繁忙路段空气中污染是危害交警身体的因素,根据调查 交通协管员说 1位32岁交警6位交通协管员生肺病肺癌已故 能吹哨子口罩研发发明成功 有显著防PM异物 防冻防风寒造福于健康 专利:201310067911.1 13020163877",0
2014-03-27,"警报:中国交警的平均寿命仅43岁！雾霾空气 独家免送一线交警交通协管员交通警察口罩.每天城市繁忙路段空气中污染是危害交警身体的因素,根据调查 交通协管员说 1位32岁交警6位交通协管员生肺病肺癌已故 能吹哨子口罩研发发明成功 有显著防PM异物 防冻防风寒造福于健康 专利:201310067911.1 13020163877",0
2014-03-27,剪了短发，舒服了！办公室空气太差，口罩带起,1
2014-03-27,"警报:中国交警的平均寿命仅43岁！雾霾空气 独家免送一线交警交通协管员交通警察口罩.每天城市繁忙路段空气中污染是危害交警身体的因素,根据调查 交通协管员说 1位32岁交警6位交通协管员生肺病肺癌已故 能吹哨子口罩研发发明成功 有显著防PM异物 防冻防风寒造福于健康 专利:201310067911.1 13020163877",0
2014-03-27,雾霾之下，人人自危，喜欢折腾的戴上了口罩遮尘蔽灰。一些专业的型号，可将一口如烟的空气，经过活性炭和层层精密的滤网，变为了几无沾染之物。随之，扑鼻的花香，沁脾的草香，以至阳光的暖香，行道树的木香，也滤的一干二净，变成了一杯纯净水，无嗅无味；一张苍白的画布，无色无痕。但这岂止于空气？,1
2014-03-28,皮肤过敏的人儿~得多防护。出行，春天花粉多，风一吹，空气中都是，所以口罩?要戴。又买了个真丝枕套，呵护睡觉时的脸蛋~容易过敏的人伤不起呀！[泪],1
2014-03-28,PM2.5中究竟有些什么？以空气质量为一般(指数100左右)某天作为采集时间，将一个立方米的空气含有物质进行检测，并通过1000倍的显微放大，肉眼可观察到物质，就是图片中这些令人毛骨耸立的东西，有微生物、有复合体、有生物颗粒，也有矿物质……这些东西，佩戴普通保护口罩基本无效。@上海徐汇发布,0
2014-03-28,皮肤过敏的人儿~得多防护。出行，春天花粉多，风一吹，空气中都是，所以口罩?要戴。又买了个真丝枕套，呵护睡觉时的脸蛋~容易过敏的人伤不起呀！[泪],1
2014-03-28,Running day 534:即便戴了个口罩，空气中依然一股烟土味。[衰],1
2014-03-29,"警报:中国交警的平均寿命仅43岁！雾霾空气 独家免送一线交警交通协管员交通警察口罩.每天城市繁忙路段空气中污染是危害交警身体的因素,根据调查 交通协管员说 1位32岁交警6位交通协管员生肺病肺癌已故 能吹哨子口罩研发发明成功 有显著防PM异物 防冻防风寒造福于健康 专利:201310067911.1 13020163877",0
2014-03-30,"警报:中国交警的平均寿命仅43岁！雾霾空气 独家免送一线交警交通协管员交通警察口罩.每天城市繁忙路段空气中污染是危害交警身体的因素,根据调查 交通协管员说 1位32岁交警6位交通协管员生肺病肺癌已故 能吹哨子口罩研发发明成功 有显著防PM异物 防冻防风寒造福于健康 专利:201310067911.1 13020163877",0
2014-03-30,坑爹和服展汇报完毕 这口罩戴的觉得自己像个给欧欧殿下做美甲的[拜拜] 还好今天过敏好多了 @空气少女AUG酱 的神器太厉害 小红点都不见了呢[害羞][害羞][呵呵]（只是刘海长度好尴尬? ,1
2014-03-30,这空气还能再蛋疼点伐。。老子早晚出去锻炼没一次不是戴着口罩的。。这看出去就是一片”宛如仙境”好吗。。这特么的都把人逼成了什么样了。。[感冒][生病],1
2014-04-01,如今若天气预报是空气质量良好，会油然而生中奖的赶脚。雾霾像阴影一样尾大不掉，看着街头不时有戴着奇异的防毒面具似的口罩者，人们也已熟视无睹。平复心绪，就是改变可控的，接纳改不掉的。且以不受控的无奈现状为食材，用心灵鸡汤熬煮焦虑，最终习惯于把自己的肺当作破罐子，大不了，天天摔[抓狂],1
2014-04-01,从下午两点一直在教室赶外教的作业，一直对着电脑屏幕眼睛着实不太舒服，大脑好像也快缺氧了，本想打开窗透透气，但是刚打开的窗户又被我迅速关上了。因为丝毫体会不到到空气本该带给人的感觉，扑鼻而来的是浓重的类似橡胶燃烧的味道?PM2.5口罩快点来拯救我吧?,1
2014-04-02,今天坐地铁，遇上班族，80%男士都是西装革履公文包的。国人穿西装，大部分要么是卖房，要么卖保险[哈哈]对了，日本空气那么好，也很多人戴口罩，有点想不明白。,-1
2014-04-02,看到一个女的戴着口罩在地铁剪指甲，原来她也知道空气里她的指甲弹来弹去不干净@oORIONn,1
2014-04-02,亲们，今天cynthia为大家介绍一款日本的E.A MASK健康卫士空气口罩，他是除臭、防雾霾、抗花粉和除烟的神兵利器！家里有老人、孩子和哮喘病人的一定不要错过这款神器，他是您家人外出的保护神和抵抗恶劣空气的防护盾。阻挡PM2.5效果达99.99%。有徽章款和车载款供您选择。有意的请加微信cynthiajailwear,0
2014-04-03,超级可爱的宝宝防雾霾专用口罩 中国空气太差太差 妈妈们为了宝宝健康必备啊 要的速度下单吧,1
2014-04-03,资料图片：2013年12月7日，一名游客戴着口罩在西湖白堤上行走。新华社发（李忠 摄）　　参考消息网4月1日报道 英媒称，中国是地球上污染最严重的国家之一。因而，让城市居民呼吸到新鲜空气成为中国的新时尚也许一点也不令人惊讶。,1
2014-04-03,从上海交大举行的“清洁空气科技创新论坛”上了解到，6月前后受到周边区域秸秆燃烧影响，上海或将迎来一个雾霾“小高峰”。大家记得出门带口罩啊[震惊],1
2014-04-03,自从上海空气变差以后，我的过敏性鼻炎完全好了！太神奇了！完全不需要口罩和空气净化器！！！,-1
2014-04-03,"警报:中国交警的平均寿命仅43岁！雾霾空气 独家免送一线交警交通协管员交通警察口罩.每天城市繁忙路段空气中污染是危害交警身体的因素,根据调查 交通协管员说 1位32岁交警6位交通协管员生肺病肺癌已故 能吹哨子口罩研发发明成功 有显著防PM异物 防冻防风寒造福于健康 专利:201310067911.1 13020163877",0
2014-04-04,喜欢每晚能看到星星与月亮的夜空，喜欢能够舒适的大口呼吸的感觉。这个小城空气真好[亲亲]想到出门都要戴口罩的日子，我都头疼[泪],1
2014-04-04,日本本土KOWA三次元防PM2.5口罩， 有效阻隔 空气中直径小于0.0001mm的颗粒物阻隔99％，需要请找我,1
2014-04-05,"警报:中国交警的平均寿命仅43岁！雾霾空气 独家免送一线交警交通协管员交通警察口罩.每天城市繁忙路段空气中污染是危害交警身体的因素,根据调查 交通协管员说 1位32岁交警6位交通协管员生肺病肺癌已故 能吹哨子口罩研发发明成功 有显著防PM异物 防冻防风寒造福于健康 专利:201310067911.1 13020163877",0
2014-04-05,救。。。墓地的空气啊。。。咳咳咳[感冒]口罩无用！[生病],1
2014-04-05,一清老早倒三部地铁跑淮海路来晒着并不明媚的太阳，空气还挺糟，口罩又没带，人倒是真的少。脚马上就要找不到了。。。[浮云][浮云][浮云],1
2014-04-05,清明节看梁奶奶演《琵琶记》，看戏容易，看大熊猫演戏不易，且看且珍惜！[哈哈][爱你][鼓掌]@上海天蟾逸夫舞台 给你们提点建议，今天剧场里空气质量太差，一进场才是老人头气味，差点让我窒息，再这样下去建议要带口罩看戏了！[吐]而且是否取消厕所门口吸烟啊，上次看淮剧差点以为剧场着火了，烟雾弥漫,1
2014-04-06,三次元口罩 女性用一包 普通型一包现货 有效防止空气中有害物质 特别是对抗花粉的 春天用最合适 五枚入 48一包走,-1
2014-04-06,这个男孩用的口罩 也能抵御空气中有害物质 防止花粉过敏 三枚入 35一包走,1
2014-04-06,三次元的儿童口罩 对抗花粉和空气中有害物质高达99% 分嫩粉色和嫩绿色 都很好看 三枚装38走,1
2014-04-07,今天阳光很刺眼，可惜空气不怎么样，我戴上了墨镜和口罩出了门。一个扛着佳能的记者模样的人堵住我就问“你是文章吧？”,1
2014-04-08,时间是意志的绞杀器。每天看到的空气指数，轻中度污染已经熟视无睹，好像突然间就长成了金刚不坏之躯，原本购买的防霾口罩都需要找寻一阵子了。哎…，就是马航飞机失联整一个月，有多少人还记着呢？时间，太恐怖了！,1
2014-04-09,[抓狂]热伤风 空气还那么差[泪]戴口罩好闷的啊啊啊,1
